State,County,ZIP,Target Home Value Range,Estimated Population,Estimated Lead Volume,Priority,Reason,Suggested Lead Pull Criteria
AL,Vinemont Zip Market,35179,$158k-$350k,25.0,25.0,High,"Within the configured 45-minute drive market for Birmingham; dense residential inventory; strong pending ratio, healthy active inventory, good price range, and enough estimated lead volume.",Absentee owners; high equity; vacant; tired landlords; out-of-state owners; pre-foreclosure if available; probate if available; ownership length 7+ years; property value inside recommended range.
AL,Montgomery Zip Market,36108,$75k-$112k,35.0,35.0,High,"Within the configured 45-minute drive market for Montgomery; dense residential inventory; strong pending ratio, healthy active inventory, good price range, and enough estimated lead volume.",Absentee owners; high equity; vacant; tired landlords; out-of-state owners; pre-foreclosure if available; probate if available; ownership length 7+ years; property value inside recommended range.
AL,Pell City Zip Market,35128,$247k-$350k,53.0,53.0,High,"Within the configured 45-minute drive market for Birmingham; dense residential inventory; strong pending ratio, healthy active inventory, good price range, and enough estimated lead volume.",Absentee owners; high equity; vacant; tired landlords; out-of-state owners; pre-foreclosure if available; probate if available; ownership length 7+ years; property value inside recommended range.
AL,Ardmore Zip Market,35739,$170k-$350k,25.0,25.0,High,"Within the configured 45-minute drive market for Huntsville; dense residential inventory; strong pending ratio, healthy active inventory, good price range, and enough estimated lead volume.",Absentee owners; high equity; vacant; tired landlords; out-of-state owners; pre-foreclosure if available; probate if available; ownership length 7+ years; property value inside recommended range.
AL,Mobile Zip Market,36604,$144k-$350k,52.0,52.0,High,"Within the configured 45-minute drive market for Mobile; dense residential inventory; strong pending ratio, healthy active inventory, good price range, and enough estimated lead volume.",Absentee owners; high equity; vacant; tired landlords; out-of-state owners; pre-foreclosure if available; probate if available; ownership length 7+ years; property value inside recommended range.
AL,Athens Zip Market,35614,$163k-$350k,34.0,34.0,Medium,"Within the configured 45-minute drive market for Huntsville; dense residential inventory; strong pending ratio, healthy active inventory, good price range, and enough estimated lead volume.",Absentee owners; high equity; vacant; tired landlords; out-of-state owners; pre-foreclosure if available; probate if available; ownership length 7+ years; property value inside recommended range.
AL,Huntsville Zip Market,35801,$262k-$350k,96.0,96.0,Medium,"Within the configured 45-minute drive market for Huntsville; dense residential inventory; strong pending ratio, healthy active inventory, good price range, and enough estimated lead volume.",Absentee owners; high equity; vacant; tired landlords; out-of-state owners; pre-foreclosure if available; probate if available; ownership length 7+ years; property value inside recommended range.
AL,Dora Zip Market,35062,$142k-$350k,34.0,34.0,Medium,"Within the configured 45-minute drive market for Birmingham; dense residential inventory; strong pending ratio, healthy active inventory, good price range, and enough estimated lead volume.",Absentee owners; high equity; vacant; tired landlords; out-of-state owners; pre-foreclosure if available; probate if available; ownership length 7+ years; property value inside recommended range.
AL,Citronelle Zip Market,36522,$110k-$288k,28.0,28.0,Medium,"Within the configured 45-minute drive market for Mobile; dense residential inventory; strong pending ratio, healthy active inventory, good price range, and enough estimated lead volume.",Absentee owners; high equity; vacant; tired landlords; out-of-state owners; pre-foreclosure if available; probate if available; ownership length 7+ years; property value inside recommended range.
AL,Fairfield Zip Market,35064,$75k-$113k,34.0,34.0,Medium,"Within the configured 45-minute drive market for Birmingham; dense residential inventory; strong pending ratio, healthy active inventory, good price range, and enough estimated lead volume.",Absentee owners; high equity; vacant; tired landlords; out-of-state owners; pre-foreclosure if available; probate if available; ownership length 7+ years; property value inside recommended range.
AL,Birmingham Zip Market,35234,$87k-$228k,22.0,22.0,Medium,"Within the configured 45-minute drive market for Birmingham; one of the next densest available residential ZIPs needed to preserve report volume; strong pending ratio, healthy active inventory, good price range, and enough estimated lead volume.",Absentee owners; high equity; vacant; tired landlords; out-of-state owners; pre-foreclosure if available; probate if available; ownership length 7+ years; property value inside recommended range.
AL,Rogersville Zip Market,35652,$208k-$350k,57.0,57.0,Medium,"Within the configured 45-minute drive market for Huntsville; dense residential inventory; strong pending ratio, healthy active inventory, good price range, and enough estimated lead volume.",Absentee owners; high equity; vacant; tired landlords; out-of-state owners; pre-foreclosure if available; probate if available; ownership length 7+ years; property value inside recommended range.
AL,Grant Zip Market,35747,$221k-$350k,30.0,30.0,Medium,"Within the configured 45-minute drive market for Huntsville; dense residential inventory; strong pending ratio, healthy active inventory, good price range, and enough estimated lead volume.",Absentee owners; high equity; vacant; tired landlords; out-of-state owners; pre-foreclosure if available; probate if available; ownership length 7+ years; property value inside recommended range.
AL,Tuskegee Zip Market,36083,$75k-$171k,14.0,14.0,Medium,"Within the configured 45-minute drive market for Montgomery; one of the next densest available residential ZIPs needed to preserve report volume; strong pending ratio, healthy active inventory, good price range, and enough estimated lead volume.",Absentee owners; high equity; vacant; tired landlords; out-of-state owners; pre-foreclosure if available; probate if available; ownership length 7+ years; property value inside recommended range.
AL,Cropwell Zip Market,35054,$215k-$350k,37.0,37.0,Medium,"Within the configured 45-minute drive market for Birmingham; dense residential inventory; strong pending ratio, healthy active inventory, good price range, and enough estimated lead volume.",Absentee owners; high equity; vacant; tired landlords; out-of-state owners; pre-foreclosure if available; probate if available; ownership length 7+ years; property value inside recommended range.
AL,Montgomery Zip Market,36104,$121k-$315k,27.0,27.0,Medium,"Within the configured 45-minute drive market for Montgomery; dense residential inventory; strong pending ratio, healthy active inventory, good price range, and enough estimated lead volume.",Absentee owners; high equity; vacant; tired landlords; out-of-state owners; pre-foreclosure if available; probate if available; ownership length 7+ years; property value inside recommended range.
AL,Crane Hill Zip Market,35053,$447k-$350k,111.0,111.0,Medium,"Within the configured 45-minute drive market for Birmingham; dense residential inventory; strong pending ratio, healthy active inventory, good price range, and enough estimated lead volume.",Absentee owners; high equity; vacant; tired landlords; out-of-state owners; pre-foreclosure if available; probate if available; ownership length 7+ years; property value inside recommended range.
AL,Cullman Zip Market,35057,$261k-$350k,64.0,64.0,Medium,"Within the configured 45-minute drive market for Birmingham; dense residential inventory; strong pending ratio, healthy active inventory, good price range, and enough estimated lead volume.",Absentee owners; high equity; vacant; tired landlords; out-of-state owners; pre-foreclosure if available; probate if available; ownership length 7+ years; property value inside recommended range.
AL,Eclectic Zip Market,36024,$385k-$350k,54.0,54.0,Medium,"Within the configured 45-minute drive market for Montgomery; dense residential inventory; strong pending ratio, healthy active inventory, good price range, and enough estimated lead volume.",Absentee owners; high equity; vacant; tired landlords; out-of-state owners; pre-foreclosure if available; probate if available; ownership length 7+ years; property value inside recommended range.
AL,Sterrett Zip Market,35147,$238k-$350k,36.0,36.0,Medium,"Within the configured 45-minute drive market for Birmingham; dense residential inventory; strong pending ratio, healthy active inventory, good price range, and enough estimated lead volume.",Absentee owners; high equity; vacant; tired landlords; out-of-state owners; pre-foreclosure if available; probate if available; ownership length 7+ years; property value inside recommended range.
AL,Wilsonville Zip Market,35186,$304k-$350k,20.0,20.0,Medium,"Within the configured 45-minute drive market for Birmingham; one of the next densest available residential ZIPs needed to preserve report volume; strong pending ratio, healthy active inventory, good price range, and enough estimated lead volume.",Absentee owners; high equity; vacant; tired landlords; out-of-state owners; pre-foreclosure if available; probate if available; ownership length 7+ years; property value inside recommended range.
AL,Brownsboro Zip Market,35741,$310k-$350k,14.0,14.0,Medium,"Within the configured 45-minute drive market for Huntsville; one of the next densest available residential ZIPs needed to preserve report volume; strong pending ratio, healthy active inventory, good price range, and enough estimated lead volume.",Absentee owners; high equity; vacant; tired landlords; out-of-state owners; pre-foreclosure if available; probate if available; ownership length 7+ years; property value inside recommended range.
AL,Remlap Zip Market,35133,$187k-$350k,13.0,13.0,Medium,"Within the configured 45-minute drive market for Birmingham; one of the next densest available residential ZIPs needed to preserve report volume; strong pending ratio, healthy active inventory, good price range, and enough estimated lead volume.",Absentee owners; high equity; vacant; tired landlords; out-of-state owners; pre-foreclosure if available; probate if available; ownership length 7+ years; property value inside recommended range.
AL,Bremen Zip Market,35033,$456k-$350k,40.0,40.0,Medium,"Within the configured 45-minute drive market for Birmingham; dense residential inventory; strong pending ratio, healthy active inventory, good price range, and enough estimated lead volume.",Absentee owners; high equity; vacant; tired landlords; out-of-state owners; pre-foreclosure if available; probate if available; ownership length 7+ years; property value inside recommended range.
AL,Union Grove Zip Market,35175,$239k-$350k,26.0,26.0,Medium,"Within the configured 45-minute drive market for Birmingham; dense residential inventory; strong pending ratio, healthy active inventory, good price range, and enough estimated lead volume.",Absentee owners; high equity; vacant; tired landlords; out-of-state owners; pre-foreclosure if available; probate if available; ownership length 7+ years; property value inside recommended range.
FL,Port Charlotte Zip Market,33952,$130k-$271k,326.0,326.0,High,"Within the configured 45-minute drive market for Fort Myers; dense residential inventory; strong pending ratio, healthy active inventory, good price range, and enough estimated lead volume.",Absentee owners; high equity; vacant; tired landlords; out-of-state owners; pre-foreclosure if available; probate if available; ownership length 7+ years; property value inside recommended range.
FL,Leesburg Zip Market,34748,$167k-$353k,363.0,363.0,High,"Within the configured 45-minute drive market for Orlando; dense residential inventory; strong pending ratio, healthy active inventory, good price range, and enough estimated lead volume.",Absentee owners; high equity; vacant; tired landlords; out-of-state owners; pre-foreclosure if available; probate if available; ownership length 7+ years; property value inside recommended range.
FL,Fort Myers Zip Market,33913,$254k-$537k,452.0,452.0,High,"Within the configured 45-minute drive market for Fort Myers; dense residential inventory; strong pending ratio, healthy active inventory, good price range, and enough estimated lead volume.",Absentee owners; high equity; vacant; tired landlords; out-of-state owners; pre-foreclosure if available; probate if available; ownership length 7+ years; property value inside recommended range.
FL,Saint Petersburg Zip Market,33707,$215k-$455k,295.0,295.0,High,"Within the configured 45-minute drive market for Tampa; dense residential inventory; strong pending ratio, healthy active inventory, good price range, and enough estimated lead volume.",Absentee owners; high equity; vacant; tired landlords; out-of-state owners; pre-foreclosure if available; probate if available; ownership length 7+ years; property value inside recommended range.
FL,West Palm Beach Zip Market,33415,$130k-$253k,226.0,226.0,High,"Within the configured 45-minute drive market for West Palm Beach; dense residential inventory; strong pending ratio, healthy active inventory, good price range, and enough estimated lead volume.",Absentee owners; high equity; vacant; tired landlords; out-of-state owners; pre-foreclosure if available; probate if available; ownership length 7+ years; property value inside recommended range.
FL,Cape Coral Zip Market,33990,$214k-$451k,197.0,197.0,Medium,"Within the configured 45-minute drive market for Fort Myers; dense residential inventory; strong pending ratio, healthy active inventory, good price range, and enough estimated lead volume.",Absentee owners; high equity; vacant; tired landlords; out-of-state owners; pre-foreclosure if available; probate if available; ownership length 7+ years; property value inside recommended range.
FL,Fort Lauderdale Zip Market,33309,$160k-$338k,248.0,248.0,Medium,"Within the configured 45-minute drive market for Fort Lauderdale; dense residential inventory; strong pending ratio, healthy active inventory, good price range, and enough estimated lead volume.",Absentee owners; high equity; vacant; tired landlords; out-of-state owners; pre-foreclosure if available; probate if available; ownership length 7+ years; property value inside recommended range.
FL,Oldsmar Zip Market,34677,$191k-$404k,154.0,154.0,Medium,"Within the configured 45-minute drive market for Tampa; dense residential inventory; strong pending ratio, healthy active inventory, good price range, and enough estimated lead volume.",Absentee owners; high equity; vacant; tired landlords; out-of-state owners; pre-foreclosure if available; probate if available; ownership length 7+ years; property value inside recommended range.
FL,Orlando Zip Market,32822,$130k-$209k,196.0,196.0,Medium,"Within the configured 45-minute drive market for Orlando; dense residential inventory; strong pending ratio, healthy active inventory, good price range, and enough estimated lead volume.",Absentee owners; high equity; vacant; tired landlords; out-of-state owners; pre-foreclosure if available; probate if available; ownership length 7+ years; property value inside recommended range.
FL,Tavares Zip Market,32778,$184k-$388k,175.0,175.0,Medium,"Within the configured 45-minute drive market for Orlando; dense residential inventory; strong pending ratio, healthy active inventory, good price range, and enough estimated lead volume.",Absentee owners; high equity; vacant; tired landlords; out-of-state owners; pre-foreclosure if available; probate if available; ownership length 7+ years; property value inside recommended range.
FL,Pompano Beach Zip Market,33064,$201k-$425k,424.0,424.0,Medium,"Within the configured 45-minute drive market for Miami; dense residential inventory; strong pending ratio, healthy active inventory, good price range, and enough estimated lead volume.",Absentee owners; high equity; vacant; tired landlords; out-of-state owners; pre-foreclosure if available; probate if available; ownership length 7+ years; property value inside recommended range.
FL,Homestead Zip Market,33032,$248k-$524k,370.0,370.0,Medium,"Within the configured 45-minute drive market for Miami; dense residential inventory; strong pending ratio, healthy active inventory, good price range, and enough estimated lead volume.",Absentee owners; high equity; vacant; tired landlords; out-of-state owners; pre-foreclosure if available; probate if available; ownership length 7+ years; property value inside recommended range.
FL,Bradenton Zip Market,34209,$219k-$463k,307.0,307.0,Medium,"Within the configured 45-minute drive market for Sarasota; dense residential inventory; strong pending ratio, healthy active inventory, good price range, and enough estimated lead volume.",Absentee owners; high equity; vacant; tired landlords; out-of-state owners; pre-foreclosure if available; probate if available; ownership length 7+ years; property value inside recommended range.
FL,North Port Zip Market,34287,$163k-$345k,210.0,210.0,Medium,"Within the configured 45-minute drive market for Sarasota; dense residential inventory; strong pending ratio, healthy active inventory, good price range, and enough estimated lead volume.",Absentee owners; high equity; vacant; tired landlords; out-of-state owners; pre-foreclosure if available; probate if available; ownership length 7+ years; property value inside recommended range.
FL,Tarpon Springs Zip Market,34689,$227k-$480k,209.0,209.0,Medium,"Within the configured 45-minute drive market for Tampa; dense residential inventory; strong pending ratio, healthy active inventory, good price range, and enough estimated lead volume.",Absentee owners; high equity; vacant; tired landlords; out-of-state owners; pre-foreclosure if available; probate if available; ownership length 7+ years; property value inside recommended range.
FL,Brooksville Zip Market,34601,$269k-$550k,135.0,135.0,Medium,"Within the configured 45-minute drive market for Tampa; dense residential inventory; strong pending ratio, healthy active inventory, good price range, and enough estimated lead volume.",Absentee owners; high equity; vacant; tired landlords; out-of-state owners; pre-foreclosure if available; probate if available; ownership length 7+ years; property value inside recommended range.
FL,Port Charlotte Zip Market,33948,$167k-$353k,219.0,219.0,Medium,"Within the configured 45-minute drive market for Fort Myers; dense residential inventory; strong pending ratio, healthy active inventory, good price range, and enough estimated lead volume.",Absentee owners; high equity; vacant; tired landlords; out-of-state owners; pre-foreclosure if available; probate if available; ownership length 7+ years; property value inside recommended range.
FL,Fort Myers Zip Market,33919,$134k-$282k,417.0,417.0,Medium,"Within the configured 45-minute drive market for Fort Myers; dense residential inventory; strong pending ratio, healthy active inventory, good price range, and enough estimated lead volume.",Absentee owners; high equity; vacant; tired landlords; out-of-state owners; pre-foreclosure if available; probate if available; ownership length 7+ years; property value inside recommended range.
FL,Orlando Zip Market,32832,$294k-$550k,207.0,207.0,Medium,"Within the configured 45-minute drive market for Orlando; dense residential inventory; strong pending ratio, healthy active inventory, good price range, and enough estimated lead volume.",Absentee owners; high equity; vacant; tired landlords; out-of-state owners; pre-foreclosure if available; probate if available; ownership length 7+ years; property value inside recommended range.
FL,Saint Petersburg Zip Market,33705,$218k-$460k,173.0,173.0,Medium,"Within the configured 45-minute drive market for Tampa; dense residential inventory; strong pending ratio, healthy active inventory, good price range, and enough estimated lead volume.",Absentee owners; high equity; vacant; tired landlords; out-of-state owners; pre-foreclosure if available; probate if available; ownership length 7+ years; property value inside recommended range.
FL,Lehigh Acres Zip Market,33936,$132k-$280k,263.0,263.0,Medium,"Within the configured 45-minute drive market for Fort Myers; dense residential inventory; strong pending ratio, healthy active inventory, good price range, and enough estimated lead volume.",Absentee owners; high equity; vacant; tired landlords; out-of-state owners; pre-foreclosure if available; probate if available; ownership length 7+ years; property value inside recommended range.
FL,Bradenton Zip Market,34210,$163k-$344k,259.0,259.0,Medium,"Within the configured 45-minute drive market for Sarasota; dense residential inventory; strong pending ratio, healthy active inventory, good price range, and enough estimated lead volume.",Absentee owners; high equity; vacant; tired landlords; out-of-state owners; pre-foreclosure if available; probate if available; ownership length 7+ years; property value inside recommended range.
FL,Pompano Beach Zip Market,33069,$139k-$294k,313.0,313.0,Medium,"Within the configured 45-minute drive market for Miami; dense residential inventory; strong pending ratio, healthy active inventory, good price range, and enough estimated lead volume.",Absentee owners; high equity; vacant; tired landlords; out-of-state owners; pre-foreclosure if available; probate if available; ownership length 7+ years; property value inside recommended range.
FL,Sarasota Zip Market,34232,$187k-$394k,151.0,151.0,Medium,"Within the configured 45-minute drive market for Sarasota; dense residential inventory; strong pending ratio, healthy active inventory, good price range, and enough estimated lead volume.",Absentee owners; high equity; vacant; tired landlords; out-of-state owners; pre-foreclosure if available; probate if available; ownership length 7+ years; property value inside recommended range.
FL,Deerfield Beach Zip Market,33442,$130k-$160k,434.0,434.0,Medium,"Within the configured 45-minute drive market for West Palm Beach; dense residential inventory; strong pending ratio, healthy active inventory, good price range, and enough estimated lead volume.",Absentee owners; high equity; vacant; tired landlords; out-of-state owners; pre-foreclosure if available; probate if available; ownership length 7+ years; property value inside recommended range.
FL,Brooksville Zip Market,34614,$209k-$442k,138.0,138.0,Medium,"Within the configured 45-minute drive market for Tampa; dense residential inventory; strong pending ratio, healthy active inventory, good price range, and enough estimated lead volume.",Absentee owners; high equity; vacant; tired landlords; out-of-state owners; pre-foreclosure if available; probate if available; ownership length 7+ years; property value inside recommended range.
FL,Sarasota Zip Market,34241,$355k-$550k,139.0,139.0,Medium,"Within the configured 45-minute drive market for Sarasota; dense residential inventory; strong pending ratio, healthy active inventory, good price range, and enough estimated lead volume.",Absentee owners; high equity; vacant; tired landlords; out-of-state owners; pre-foreclosure if available; probate if available; ownership length 7+ years; property value inside recommended range.
FL,Fort Lauderdale Zip Market,33322,$130k-$158k,432.0,432.0,Medium,"Within the configured 45-minute drive market for Fort Lauderdale; dense residential inventory; strong pending ratio, healthy active inventory, good price range, and enough estimated lead volume.",Absentee owners; high equity; vacant; tired landlords; out-of-state owners; pre-foreclosure if available; probate if available; ownership length 7+ years; property value inside recommended range.
FL,Tampa Zip Market,33611,$310k-$550k,233.0,233.0,Medium,"Within the configured 45-minute drive market for Tampa; dense residential inventory; strong pending ratio, healthy active inventory, good price range, and enough estimated lead volume.",Absentee owners; high equity; vacant; tired landlords; out-of-state owners; pre-foreclosure if available; probate if available; ownership length 7+ years; property value inside recommended range.
FL,Lake Worth Zip Market,33462,$187k-$395k,210.0,210.0,Medium,"Within the configured 45-minute drive market for West Palm Beach; dense residential inventory; strong pending ratio, healthy active inventory, good price range, and enough estimated lead volume.",Absentee owners; high equity; vacant; tired landlords; out-of-state owners; pre-foreclosure if available; probate if available; ownership length 7+ years; property value inside recommended range.
FL,Venice Zip Market,34292,$207k-$436k,130.0,130.0,Medium,"Within the configured 45-minute drive market for Sarasota; dense residential inventory; strong pending ratio, healthy active inventory, good price range, and enough estimated lead volume.",Absentee owners; high equity; vacant; tired landlords; out-of-state owners; pre-foreclosure if available; probate if available; ownership length 7+ years; property value inside recommended range.
FL,Hollywood Zip Market,33026,$152k-$321k,168.0,168.0,Medium,"Within the configured 45-minute drive market for Miami; dense residential inventory; strong pending ratio, healthy active inventory, good price range, and enough estimated lead volume.",Absentee owners; high equity; vacant; tired landlords; out-of-state owners; pre-foreclosure if available; probate if available; ownership length 7+ years; property value inside recommended range.
FL,Hialeah Zip Market,33015,$171k-$361k,186.0,186.0,Medium,"Within the configured 45-minute drive market for Miami; dense residential inventory; strong pending ratio, healthy active inventory, good price range, and enough estimated lead volume.",Absentee owners; high equity; vacant; tired landlords; out-of-state owners; pre-foreclosure if available; probate if available; ownership length 7+ years; property value inside recommended range.
FL,Clearwater Zip Market,33755,$228k-$483k,142.0,142.0,Medium,"Within the configured 45-minute drive market for Tampa; dense residential inventory; strong pending ratio, healthy active inventory, good price range, and enough estimated lead volume.",Absentee owners; high equity; vacant; tired landlords; out-of-state owners; pre-foreclosure if available; probate if available; ownership length 7+ years; property value inside recommended range.
FL,Ponte Vedra Beach Zip Market,32082,$506k-$550k,228.0,228.0,Medium,"Within the configured 45-minute drive market for Jacksonville; dense residential inventory; strong pending ratio, healthy active inventory, good price range, and enough estimated lead volume.",Absentee owners; high equity; vacant; tired landlords; out-of-state owners; pre-foreclosure if available; probate if available; ownership length 7+ years; property value inside recommended range.
FL,Hollywood Zip Market,33021,$171k-$362k,388.0,388.0,Medium,"Within the configured 45-minute drive market for Miami; dense residential inventory; strong pending ratio, healthy active inventory, good price range, and enough estimated lead volume.",Absentee owners; high equity; vacant; tired landlords; out-of-state owners; pre-foreclosure if available; probate if available; ownership length 7+ years; property value inside recommended range.
FL,Punta Gorda Zip Market,33983,$181k-$381k,164.0,164.0,Medium,"Within the configured 45-minute drive market for Fort Myers; dense residential inventory; strong pending ratio, healthy active inventory, good price range, and enough estimated lead volume.",Absentee owners; high equity; vacant; tired landlords; out-of-state owners; pre-foreclosure if available; probate if available; ownership length 7+ years; property value inside recommended range.
FL,Miami Zip Market,33176,$317k-$550k,168.0,168.0,Medium,"Within the configured 45-minute drive market for Miami; dense residential inventory; strong pending ratio, healthy active inventory, good price range, and enough estimated lead volume.",Absentee owners; high equity; vacant; tired landlords; out-of-state owners; pre-foreclosure if available; probate if available; ownership length 7+ years; property value inside recommended range.
FL,Miami Zip Market,33179,$130k-$271k,434.0,434.0,Medium,"Within the configured 45-minute drive market for Miami; dense residential inventory; strong pending ratio, healthy active inventory, good price range, and enough estimated lead volume.",Absentee owners; high equity; vacant; tired landlords; out-of-state owners; pre-foreclosure if available; probate if available; ownership length 7+ years; property value inside recommended range.
FL,Boynton Beach Zip Market,33426,$168k-$356k,183.0,183.0,Medium,"Within the configured 45-minute drive market for West Palm Beach; dense residential inventory; strong pending ratio, healthy active inventory, good price range, and enough estimated lead volume.",Absentee owners; high equity; vacant; tired landlords; out-of-state owners; pre-foreclosure if available; probate if available; ownership length 7+ years; property value inside recommended range.
FL,Boynton Beach Zip Market,33435,$142k-$299k,400.0,400.0,Medium,"Within the configured 45-minute drive market for West Palm Beach; dense residential inventory; strong pending ratio, healthy active inventory, good price range, and enough estimated lead volume.",Absentee owners; high equity; vacant; tired landlords; out-of-state owners; pre-foreclosure if available; probate if available; ownership length 7+ years; property value inside recommended range.
FL,Boca Raton Zip Market,33496,$573k-$550k,193.0,193.0,Medium,"Within the configured 45-minute drive market for West Palm Beach; dense residential inventory; strong pending ratio, healthy active inventory, good price range, and enough estimated lead volume.",Absentee owners; high equity; vacant; tired landlords; out-of-state owners; pre-foreclosure if available; probate if available; ownership length 7+ years; property value inside recommended range.
FL,Fort Lauderdale Zip Market,33319,$130k-$173k,648.0,648.0,Medium,"Within the configured 45-minute drive market for Fort Lauderdale; dense residential inventory; strong pending ratio, healthy active inventory, good price range, and enough estimated lead volume.",Absentee owners; high equity; vacant; tired landlords; out-of-state owners; pre-foreclosure if available; probate if available; ownership length 7+ years; property value inside recommended range.
FL,Pompano Beach Zip Market,33068,$171k-$361k,227.0,227.0,Medium,"Within the configured 45-minute drive market for Miami; dense residential inventory; strong pending ratio, healthy active inventory, good price range, and enough estimated lead volume.",Absentee owners; high equity; vacant; tired landlords; out-of-state owners; pre-foreclosure if available; probate if available; ownership length 7+ years; property value inside recommended range.
FL,Englewood Zip Market,34224,$184k-$388k,162.0,162.0,Medium,"Within the configured 45-minute drive market for Sarasota; dense residential inventory; strong pending ratio, healthy active inventory, good price range, and enough estimated lead volume.",Absentee owners; high equity; vacant; tired landlords; out-of-state owners; pre-foreclosure if available; probate if available; ownership length 7+ years; property value inside recommended range.
FL,Odessa Zip Market,33556,$405k-$550k,201.0,201.0,Medium,"Within the configured 45-minute drive market for Tampa; dense residential inventory; strong pending ratio, healthy active inventory, good price range, and enough estimated lead volume.",Absentee owners; high equity; vacant; tired landlords; out-of-state owners; pre-foreclosure if available; probate if available; ownership length 7+ years; property value inside recommended range.
FL,Clearwater Zip Market,33756,$228k-$481k,222.0,222.0,Medium,"Within the configured 45-minute drive market for Tampa; dense residential inventory; strong pending ratio, healthy active inventory, good price range, and enough estimated lead volume.",Absentee owners; high equity; vacant; tired landlords; out-of-state owners; pre-foreclosure if available; probate if available; ownership length 7+ years; property value inside recommended range.
FL,Hollywood Zip Market,33020,$214k-$452k,394.0,394.0,Medium,"Within the configured 45-minute drive market for Miami; dense residential inventory; strong pending ratio, healthy active inventory, good price range, and enough estimated lead volume.",Absentee owners; high equity; vacant; tired landlords; out-of-state owners; pre-foreclosure if available; probate if available; ownership length 7+ years; property value inside recommended range.
FL,Miami Zip Market,33180,$267k-$550k,898.0,898.0,Medium,"Within the configured 45-minute drive market for Miami; dense residential inventory; strong pending ratio, healthy active inventory, good price range, and enough estimated lead volume.",Absentee owners; high equity; vacant; tired landlords; out-of-state owners; pre-foreclosure if available; probate if available; ownership length 7+ years; property value inside recommended range.
FL,Miami Beach Zip Market,33139,$281k-$550k,977.0,977.0,Medium,"Within the configured 45-minute drive market for Miami; dense residential inventory; strong pending ratio, healthy active inventory, good price range, and enough estimated lead volume.",Absentee owners; high equity; vacant; tired landlords; out-of-state owners; pre-foreclosure if available; probate if available; ownership length 7+ years; property value inside recommended range.
FL,Miami Zip Market,33162,$130k-$271k,185.0,185.0,Medium,"Within the configured 45-minute drive market for Miami; dense residential inventory; strong pending ratio, healthy active inventory, good price range, and enough estimated lead volume.",Absentee owners; high equity; vacant; tired landlords; out-of-state owners; pre-foreclosure if available; probate if available; ownership length 7+ years; property value inside recommended range.
FL,Saint Petersburg Zip Market,33709,$130k-$209k,178.0,178.0,Medium,"Within the configured 45-minute drive market for Tampa; dense residential inventory; strong pending ratio, healthy active inventory, good price range, and enough estimated lead volume.",Absentee owners; high equity; vacant; tired landlords; out-of-state owners; pre-foreclosure if available; probate if available; ownership length 7+ years; property value inside recommended range.
FL,Bradenton Zip Market,34202,$406k-$550k,229.0,229.0,Medium,"Within the configured 45-minute drive market for Sarasota; dense residential inventory; strong pending ratio, healthy active inventory, good price range, and enough estimated lead volume.",Absentee owners; high equity; vacant; tired landlords; out-of-state owners; pre-foreclosure if available; probate if available; ownership length 7+ years; property value inside recommended range.
FL,West Palm Beach Zip Market,33401,$294k-$550k,343.0,343.0,Medium,"Within the configured 45-minute drive market for West Palm Beach; dense residential inventory; strong pending ratio, healthy active inventory, good price range, and enough estimated lead volume.",Absentee owners; high equity; vacant; tired landlords; out-of-state owners; pre-foreclosure if available; probate if available; ownership length 7+ years; property value inside recommended range.
FL,Sarasota Zip Market,34236,$960k-$550k,397.0,397.0,Medium,"Within the configured 45-minute drive market for Sarasota; dense residential inventory; strong pending ratio, healthy active inventory, good price range, and enough estimated lead volume.",Absentee owners; high equity; vacant; tired landlords; out-of-state owners; pre-foreclosure if available; probate if available; ownership length 7+ years; property value inside recommended range.
FL,Port Charlotte Zip Market,33953,$199k-$421k,180.0,180.0,Medium,"Within the configured 45-minute drive market for Fort Myers; dense residential inventory; strong pending ratio, healthy active inventory, good price range, and enough estimated lead volume.",Absentee owners; high equity; vacant; tired landlords; out-of-state owners; pre-foreclosure if available; probate if available; ownership length 7+ years; property value inside recommended range.
FL,Saint Petersburg Zip Market,33711,$199k-$419k,184.0,184.0,Medium,"Within the configured 45-minute drive market for Tampa; dense residential inventory; strong pending ratio, healthy active inventory, good price range, and enough estimated lead volume.",Absentee owners; high equity; vacant; tired landlords; out-of-state owners; pre-foreclosure if available; probate if available; ownership length 7+ years; property value inside recommended range.
FL,Miami Zip Market,33196,$324k-$550k,157.0,157.0,Medium,"Within the configured 45-minute drive market for Miami; dense residential inventory; strong pending ratio, healthy active inventory, good price range, and enough estimated lead volume.",Absentee owners; high equity; vacant; tired landlords; out-of-state owners; pre-foreclosure if available; probate if available; ownership length 7+ years; property value inside recommended range.
FL,Fort Myers Zip Market,33907,$130k-$203k,223.0,223.0,Medium,"Within the configured 45-minute drive market for Fort Myers; dense residential inventory; strong pending ratio, healthy active inventory, good price range, and enough estimated lead volume.",Absentee owners; high equity; vacant; tired landlords; out-of-state owners; pre-foreclosure if available; probate if available; ownership length 7+ years; property value inside recommended range.
FL,Clearwater Zip Market,33764,$160k-$339k,156.0,156.0,Medium,"Within the configured 45-minute drive market for Tampa; dense residential inventory; strong pending ratio, healthy active inventory, good price range, and enough estimated lead volume.",Absentee owners; high equity; vacant; tired landlords; out-of-state owners; pre-foreclosure if available; probate if available; ownership length 7+ years; property value inside recommended range.
FL,Fort Lauderdale Zip Market,33351,$165k-$348k,142.0,142.0,Medium,"Within the configured 45-minute drive market for Fort Lauderdale; dense residential inventory; strong pending ratio, healthy active inventory, good price range, and enough estimated lead volume.",Absentee owners; high equity; vacant; tired landlords; out-of-state owners; pre-foreclosure if available; probate if available; ownership length 7+ years; property value inside recommended range.
FL,North Palm Beach Zip Market,33408,$426k-$550k,311.0,311.0,Medium,"Within the configured 45-minute drive market for West Palm Beach; dense residential inventory; strong pending ratio, healthy active inventory, good price range, and enough estimated lead volume.",Absentee owners; high equity; vacant; tired landlords; out-of-state owners; pre-foreclosure if available; probate if available; ownership length 7+ years; property value inside recommended range.
FL,Miami Zip Market,33181,$173k-$364k,284.0,284.0,Medium,"Within the configured 45-minute drive market for Miami; dense residential inventory; strong pending ratio, healthy active inventory, good price range, and enough estimated lead volume.",Absentee owners; high equity; vacant; tired landlords; out-of-state owners; pre-foreclosure if available; probate if available; ownership length 7+ years; property value inside recommended range.
FL,Sarasota Zip Market,34235,$154k-$326k,135.0,135.0,Medium,"Within the configured 45-minute drive market for Sarasota; dense residential inventory; strong pending ratio, healthy active inventory, good price range, and enough estimated lead volume.",Absentee owners; high equity; vacant; tired landlords; out-of-state owners; pre-foreclosure if available; probate if available; ownership length 7+ years; property value inside recommended range.
FL,Miami Beach Zip Market,33141,$287k-$550k,567.0,567.0,Medium,"Within the configured 45-minute drive market for Miami; dense residential inventory; strong pending ratio, healthy active inventory, good price range, and enough estimated lead volume.",Absentee owners; high equity; vacant; tired landlords; out-of-state owners; pre-foreclosure if available; probate if available; ownership length 7+ years; property value inside recommended range.
FL,Orlando Zip Market,32839,$130k-$181k,148.0,148.0,Medium,"Within the configured 45-minute drive market for Orlando; dense residential inventory; strong pending ratio, healthy active inventory, good price range, and enough estimated lead volume.",Absentee owners; high equity; vacant; tired landlords; out-of-state owners; pre-foreclosure if available; probate if available; ownership length 7+ years; property value inside recommended range.
FL,Alva Zip Market,33920,$227k-$479k,143.0,143.0,Medium,"Within the configured 45-minute drive market for Fort Myers; dense residential inventory; strong pending ratio, healthy active inventory, good price range, and enough estimated lead volume.",Absentee owners; high equity; vacant; tired landlords; out-of-state owners; pre-foreclosure if available; probate if available; ownership length 7+ years; property value inside recommended range.
FL,Fort Myers Zip Market,33901,$174k-$367k,185.0,185.0,Medium,"Within the configured 45-minute drive market for Fort Myers; dense residential inventory; strong pending ratio, healthy active inventory, good price range, and enough estimated lead volume.",Absentee owners; high equity; vacant; tired landlords; out-of-state owners; pre-foreclosure if available; probate if available; ownership length 7+ years; property value inside recommended range.
FL,Punta Gorda Zip Market,33980,$158k-$333k,153.0,153.0,Medium,"Within the configured 45-minute drive market for Fort Myers; dense residential inventory; strong pending ratio, healthy active inventory, good price range, and enough estimated lead volume.",Absentee owners; high equity; vacant; tired landlords; out-of-state owners; pre-foreclosure if available; probate if available; ownership length 7+ years; property value inside recommended range.
FL,Orlando Zip Market,32827,$463k-$550k,197.0,197.0,Medium,"Within the configured 45-minute drive market for Orlando; dense residential inventory; strong pending ratio, healthy active inventory, good price range, and enough estimated lead volume.",Absentee owners; high equity; vacant; tired landlords; out-of-state owners; pre-foreclosure if available; probate if available; ownership length 7+ years; property value inside recommended range.
FL,Miami Zip Market,33161,$267k-$550k,207.0,207.0,Medium,"Within the configured 45-minute drive market for Miami; dense residential inventory; strong pending ratio, healthy active inventory, good price range, and enough estimated lead volume.",Absentee owners; high equity; vacant; tired landlords; out-of-state owners; pre-foreclosure if available; probate if available; ownership length 7+ years; property value inside recommended range.
FL,North Miami Beach Zip Market,33160,$322k-$550k,1793.0,1793.0,Medium,"Within the configured 45-minute drive market for Miami; dense residential inventory; strong pending ratio, healthy active inventory, good price range, and enough estimated lead volume.",Absentee owners; high equity; vacant; tired landlords; out-of-state owners; pre-foreclosure if available; probate if available; ownership length 7+ years; property value inside recommended range.
FL,Fort Lauderdale Zip Market,33323,$281k-$550k,140.0,140.0,Medium,"Within the configured 45-minute drive market for Fort Lauderdale; dense residential inventory; strong pending ratio, healthy active inventory, good price range, and enough estimated lead volume.",Absentee owners; high equity; vacant; tired landlords; out-of-state owners; pre-foreclosure if available; probate if available; ownership length 7+ years; property value inside recommended range.
FL,Wellington Zip Market,33414,$443k-$550k,400.0,400.0,Medium,"Within the configured 45-minute drive market for West Palm Beach; dense residential inventory; strong pending ratio, healthy active inventory, good price range, and enough estimated lead volume.",Absentee owners; high equity; vacant; tired landlords; out-of-state owners; pre-foreclosure if available; probate if available; ownership length 7+ years; property value inside recommended range.
FL,Miami Zip Market,33132,$342k-$550k,740.0,740.0,Medium,"Within the configured 45-minute drive market for Miami; dense residential inventory; strong pending ratio, healthy active inventory, good price range, and enough estimated lead volume.",Absentee owners; high equity; vacant; tired landlords; out-of-state owners; pre-foreclosure if available; probate if available; ownership length 7+ years; property value inside recommended range.
FL,West Palm Beach Zip Market,33409,$130k-$266k,142.0,142.0,Medium,"Within the configured 45-minute drive market for West Palm Beach; dense residential inventory; strong pending ratio, healthy active inventory, good price range, and enough estimated lead volume.",Absentee owners; high equity; vacant; tired landlords; out-of-state owners; pre-foreclosure if available; probate if available; ownership length 7+ years; property value inside recommended range.
FL,Tampa Zip Market,33629,$939k-$550k,180.0,180.0,Medium,"Within the configured 45-minute drive market for Tampa; dense residential inventory; strong pending ratio, healthy active inventory, good price range, and enough estimated lead volume.",Absentee owners; high equity; vacant; tired landlords; out-of-state owners; pre-foreclosure if available; probate if available; ownership length 7+ years; property value inside recommended range.
FL,Winter Park Zip Market,32789,$688k-$550k,178.0,178.0,Medium,"Within the configured 45-minute drive market for Orlando; dense residential inventory; strong pending ratio, healthy active inventory, good price range, and enough estimated lead volume.",Absentee owners; high equity; vacant; tired landlords; out-of-state owners; pre-foreclosure if available; probate if available; ownership length 7+ years; property value inside recommended range.
FL,Miami Zip Market,33157,$399k-$550k,245.0,245.0,Medium,"Within the configured 45-minute drive market for Miami; dense residential inventory; strong pending ratio, healthy active inventory, good price range, and enough estimated lead volume.",Absentee owners; high equity; vacant; tired landlords; out-of-state owners; pre-foreclosure if available; probate if available; ownership length 7+ years; property value inside recommended range.
FL,West Palm Beach Zip Market,33404,$345k-$550k,345.0,345.0,Medium,"Within the configured 45-minute drive market for West Palm Beach; dense residential inventory; strong pending ratio, healthy active inventory, good price range, and enough estimated lead volume.",Absentee owners; high equity; vacant; tired landlords; out-of-state owners; pre-foreclosure if available; probate if available; ownership length 7+ years; property value inside recommended range.
FL,Fort Lauderdale Zip Market,33315,$321k-$550k,167.0,167.0,Medium,"Within the configured 45-minute drive market for Fort Lauderdale; dense residential inventory; strong pending ratio, healthy active inventory, good price range, and enough estimated lead volume.",Absentee owners; high equity; vacant; tired landlords; out-of-state owners; pre-foreclosure if available; probate if available; ownership length 7+ years; property value inside recommended range.
FL,Delray Beach Zip Market,33483,$747k-$550k,207.0,207.0,Medium,"Within the configured 45-minute drive market for West Palm Beach; dense residential inventory; strong pending ratio, healthy active inventory, good price range, and enough estimated lead volume.",Absentee owners; high equity; vacant; tired landlords; out-of-state owners; pre-foreclosure if available; probate if available; ownership length 7+ years; property value inside recommended range.
FL,Hobe Sound Zip Market,33455,$371k-$550k,157.0,157.0,Medium,"Within the configured 45-minute drive market for West Palm Beach; dense residential inventory; strong pending ratio, healthy active inventory, good price range, and enough estimated lead volume.",Absentee owners; high equity; vacant; tired landlords; out-of-state owners; pre-foreclosure if available; probate if available; ownership length 7+ years; property value inside recommended range.
FL,Miami Zip Market,33156,"$1,574k-$550k",285.0,285.0,Medium,"Within the configured 45-minute drive market for Miami; dense residential inventory; strong pending ratio, healthy active inventory, good price range, and enough estimated lead volume.",Absentee owners; high equity; vacant; tired landlords; out-of-state owners; pre-foreclosure if available; probate if available; ownership length 7+ years; property value inside recommended range.
FL,Boca Raton Zip Market,33432,$727k-$550k,347.0,347.0,Medium,"Within the configured 45-minute drive market for West Palm Beach; dense residential inventory; strong pending ratio, healthy active inventory, good price range, and enough estimated lead volume.",Absentee owners; high equity; vacant; tired landlords; out-of-state owners; pre-foreclosure if available; probate if available; ownership length 7+ years; property value inside recommended range.
FL,Fort Lauderdale Zip Market,33304,$414k-$550k,488.0,488.0,Medium,"Within the configured 45-minute drive market for Fort Lauderdale; dense residential inventory; strong pending ratio, healthy active inventory, good price range, and enough estimated lead volume.",Absentee owners; high equity; vacant; tired landlords; out-of-state owners; pre-foreclosure if available; probate if available; ownership length 7+ years; property value inside recommended range.
FL,Clearwater Beach Zip Market,33767,$453k-$550k,368.0,368.0,Medium,"Within the configured 45-minute drive market for Tampa; dense residential inventory; strong pending ratio, healthy active inventory, good price range, and enough estimated lead volume.",Absentee owners; high equity; vacant; tired landlords; out-of-state owners; pre-foreclosure if available; probate if available; ownership length 7+ years; property value inside recommended range.
FL,Miami Zip Market,33137,$426k-$550k,572.0,572.0,Medium,"Within the configured 45-minute drive market for Miami; dense residential inventory; strong pending ratio, healthy active inventory, good price range, and enough estimated lead volume.",Absentee owners; high equity; vacant; tired landlords; out-of-state owners; pre-foreclosure if available; probate if available; ownership length 7+ years; property value inside recommended range.
FL,Boca Raton Zip Market,33431,$405k-$550k,135.0,135.0,Medium,"Within the configured 45-minute drive market for West Palm Beach; dense residential inventory; strong pending ratio, healthy active inventory, good price range, and enough estimated lead volume.",Absentee owners; high equity; vacant; tired landlords; out-of-state owners; pre-foreclosure if available; probate if available; ownership length 7+ years; property value inside recommended range.
FL,Fort Myers Beach Zip Market,33931,$392k-$550k,457.0,457.0,Medium,"Within the configured 45-minute drive market for Fort Myers; dense residential inventory; strong pending ratio, healthy active inventory, good price range, and enough estimated lead volume.",Absentee owners; high equity; vacant; tired landlords; out-of-state owners; pre-foreclosure if available; probate if available; ownership length 7+ years; property value inside recommended range.
FL,Fort Lauderdale Zip Market,33301,$693k-$550k,354.0,354.0,Medium,"Within the configured 45-minute drive market for Fort Lauderdale; dense residential inventory; strong pending ratio, healthy active inventory, good price range, and enough estimated lead volume.",Absentee owners; high equity; vacant; tired landlords; out-of-state owners; pre-foreclosure if available; probate if available; ownership length 7+ years; property value inside recommended range.
FL,Sarasota Zip Market,34239,$688k-$550k,183.0,183.0,Medium,"Within the configured 45-minute drive market for Sarasota; dense residential inventory; strong pending ratio, healthy active inventory, good price range, and enough estimated lead volume.",Absentee owners; high equity; vacant; tired landlords; out-of-state owners; pre-foreclosure if available; probate if available; ownership length 7+ years; property value inside recommended range.
FL,Miami Beach Zip Market,33154,$936k-$550k,439.0,439.0,Medium,"Within the configured 45-minute drive market for Miami; dense residential inventory; strong pending ratio, healthy active inventory, good price range, and enough estimated lead volume.",Absentee owners; high equity; vacant; tired landlords; out-of-state owners; pre-foreclosure if available; probate if available; ownership length 7+ years; property value inside recommended range.
FL,Miami Zip Market,33143,$696k-$550k,182.0,182.0,Medium,"Within the configured 45-minute drive market for Miami; dense residential inventory; strong pending ratio, healthy active inventory, good price range, and enough estimated lead volume.",Absentee owners; high equity; vacant; tired landlords; out-of-state owners; pre-foreclosure if available; probate if available; ownership length 7+ years; property value inside recommended range.
FL,Jupiter Zip Market,33477,$441k-$550k,237.0,237.0,Medium,"Within the configured 45-minute drive market for West Palm Beach; dense residential inventory; strong pending ratio, healthy active inventory, good price range, and enough estimated lead volume.",Absentee owners; high equity; vacant; tired landlords; out-of-state owners; pre-foreclosure if available; probate if available; ownership length 7+ years; property value inside recommended range.
FL,Placida Zip Market,33946,$348k-$550k,200.0,200.0,Medium,"Within the configured 45-minute drive market for Fort Myers; dense residential inventory; strong pending ratio, healthy active inventory, good price range, and enough estimated lead volume.",Absentee owners; high equity; vacant; tired landlords; out-of-state owners; pre-foreclosure if available; probate if available; ownership length 7+ years; property value inside recommended range.
FL,Fort Lauderdale Zip Market,33305,$534k-$550k,205.0,205.0,Medium,"Within the configured 45-minute drive market for Fort Lauderdale; dense residential inventory; strong pending ratio, healthy active inventory, good price range, and enough estimated lead volume.",Absentee owners; high equity; vacant; tired landlords; out-of-state owners; pre-foreclosure if available; probate if available; ownership length 7+ years; property value inside recommended range.
FL,Tampa Zip Market,33602,$444k-$550k,190.0,190.0,Medium,"Within the configured 45-minute drive market for Tampa; dense residential inventory; strong pending ratio, healthy active inventory, good price range, and enough estimated lead volume.",Absentee owners; high equity; vacant; tired landlords; out-of-state owners; pre-foreclosure if available; probate if available; ownership length 7+ years; property value inside recommended range.
FL,Marathon Zip Market,33050,$611k-$550k,255.0,255.0,Medium,"Within the configured 45-minute drive market for Miami; dense residential inventory; strong pending ratio, healthy active inventory, good price range, and enough estimated lead volume.",Absentee owners; high equity; vacant; tired landlords; out-of-state owners; pre-foreclosure if available; probate if available; ownership length 7+ years; property value inside recommended range.
FL,Bradenton Beach Zip Market,34217,$746k-$550k,235.0,235.0,Medium,"Within the configured 45-minute drive market for Sarasota; dense residential inventory; strong pending ratio, healthy active inventory, good price range, and enough estimated lead volume.",Absentee owners; high equity; vacant; tired landlords; out-of-state owners; pre-foreclosure if available; probate if available; ownership length 7+ years; property value inside recommended range.
FL,Miami Zip Market,33145,$457k-$550k,141.0,141.0,Medium,"Within the configured 45-minute drive market for Miami; dense residential inventory; strong pending ratio, healthy active inventory, good price range, and enough estimated lead volume.",Absentee owners; high equity; vacant; tired landlords; out-of-state owners; pre-foreclosure if available; probate if available; ownership length 7+ years; property value inside recommended range.
FL,Miami Zip Market,33127,$479k-$550k,136.0,136.0,Medium,"Within the configured 45-minute drive market for Miami; dense residential inventory; strong pending ratio, healthy active inventory, good price range, and enough estimated lead volume.",Absentee owners; high equity; vacant; tired landlords; out-of-state owners; pre-foreclosure if available; probate if available; ownership length 7+ years; property value inside recommended range.
GA,Riverdale Zip Market,30274,$139k-$302k,104.0,104.0,High,"Within the configured 45-minute drive market for Atlanta; dense residential inventory; strong pending ratio, healthy active inventory, good price range, and enough estimated lead volume.",Absentee owners; high equity; vacant; tired landlords; out-of-state owners; pre-foreclosure if available; probate if available; ownership length 7+ years; property value inside recommended range.
GA,Thomson Zip Market,30824,$173k-$375k,86.0,86.0,High,"Within the configured 45-minute drive market for Augusta; dense residential inventory; strong pending ratio, healthy active inventory, good price range, and enough estimated lead volume.",Absentee owners; high equity; vacant; tired landlords; out-of-state owners; pre-foreclosure if available; probate if available; ownership length 7+ years; property value inside recommended range.
GA,Gray Zip Market,31032,$203k-$439k,34.0,34.0,High,"Within the configured 45-minute drive market for Macon; dense residential inventory; strong pending ratio, healthy active inventory, good price range, and enough estimated lead volume.",Absentee owners; high equity; vacant; tired landlords; out-of-state owners; pre-foreclosure if available; probate if available; ownership length 7+ years; property value inside recommended range.
GA,Atlanta Zip Market,30354,$196k-$424k,115.0,115.0,High,"Within the configured 45-minute drive market for Atlanta; dense residential inventory; strong pending ratio, healthy active inventory, good price range, and enough estimated lead volume.",Absentee owners; high equity; vacant; tired landlords; out-of-state owners; pre-foreclosure if available; probate if available; ownership length 7+ years; property value inside recommended range.
GA,Atlanta Zip Market,30319,$394k-$450k,234.0,234.0,High,"Within the configured 45-minute drive market for Atlanta; dense residential inventory; strong pending ratio, healthy active inventory, good price range, and enough estimated lead volume.",Absentee owners; high equity; vacant; tired landlords; out-of-state owners; pre-foreclosure if available; probate if available; ownership length 7+ years; property value inside recommended range.
GA,Macon Zip Market,31211,$145k-$314k,78.0,78.0,Medium,"Within the configured 45-minute drive market for Macon; dense residential inventory; strong pending ratio, healthy active inventory, good price range, and enough estimated lead volume.",Absentee owners; high equity; vacant; tired landlords; out-of-state owners; pre-foreclosure if available; probate if available; ownership length 7+ years; property value inside recommended range.
GA,Fort Valley Zip Market,31030,$114k-$247k,53.0,53.0,Medium,"Within the configured 45-minute drive market for Macon; dense residential inventory; strong pending ratio, healthy active inventory, good price range, and enough estimated lead volume.",Absentee owners; high equity; vacant; tired landlords; out-of-state owners; pre-foreclosure if available; probate if available; ownership length 7+ years; property value inside recommended range.
GA,Atlanta Zip Market,30341,$308k-$450k,100.0,100.0,Medium,"Within the configured 45-minute drive market for Atlanta; dense residential inventory; strong pending ratio, healthy active inventory, good price range, and enough estimated lead volume.",Absentee owners; high equity; vacant; tired landlords; out-of-state owners; pre-foreclosure if available; probate if available; ownership length 7+ years; property value inside recommended range.
GA,Forest Park Zip Market,30297,$128k-$276k,78.0,78.0,Medium,"Within the configured 45-minute drive market for Atlanta; dense residential inventory; strong pending ratio, healthy active inventory, good price range, and enough estimated lead volume.",Absentee owners; high equity; vacant; tired landlords; out-of-state owners; pre-foreclosure if available; probate if available; ownership length 7+ years; property value inside recommended range.
GA,Senoia Zip Market,30276,$360k-$450k,126.0,126.0,Medium,"Within the configured 45-minute drive market for Atlanta; dense residential inventory; strong pending ratio, healthy active inventory, good price range, and enough estimated lead volume.",Absentee owners; high equity; vacant; tired landlords; out-of-state owners; pre-foreclosure if available; probate if available; ownership length 7+ years; property value inside recommended range.
GA,Winston Zip Market,30187,$247k-$450k,74.0,74.0,Medium,"Within the configured 45-minute drive market for Atlanta; dense residential inventory; strong pending ratio, healthy active inventory, good price range, and enough estimated lead volume.",Absentee owners; high equity; vacant; tired landlords; out-of-state owners; pre-foreclosure if available; probate if available; ownership length 7+ years; property value inside recommended range.
GA,Eatonton Zip Market,31024,$347k-$450k,279.0,279.0,Medium,"Within the configured 45-minute drive market for Macon; dense residential inventory; strong pending ratio, healthy active inventory, good price range, and enough estimated lead volume.",Absentee owners; high equity; vacant; tired landlords; out-of-state owners; pre-foreclosure if available; probate if available; ownership length 7+ years; property value inside recommended range.
GA,Conley Zip Market,30288,$141k-$305k,35.0,35.0,Medium,"Within the configured 45-minute drive market for Atlanta; dense residential inventory; strong pending ratio, healthy active inventory, good price range, and enough estimated lead volume.",Absentee owners; high equity; vacant; tired landlords; out-of-state owners; pre-foreclosure if available; probate if available; ownership length 7+ years; property value inside recommended range.
GA,Atlanta Zip Market,30342,$502k-$450k,137.0,137.0,Medium,"Within the configured 45-minute drive market for Atlanta; dense residential inventory; strong pending ratio, healthy active inventory, good price range, and enough estimated lead volume.",Absentee owners; high equity; vacant; tired landlords; out-of-state owners; pre-foreclosure if available; probate if available; ownership length 7+ years; property value inside recommended range.
GA,Atlanta Zip Market,30337,$236k-$450k,62.0,62.0,Medium,"Within the configured 45-minute drive market for Atlanta; dense residential inventory; strong pending ratio, healthy active inventory, good price range, and enough estimated lead volume.",Absentee owners; high equity; vacant; tired landlords; out-of-state owners; pre-foreclosure if available; probate if available; ownership length 7+ years; property value inside recommended range.
GA,Atlanta Zip Market,30327,"$1,290k-$450k",147.0,147.0,Medium,"Within the configured 45-minute drive market for Atlanta; dense residential inventory; strong pending ratio, healthy active inventory, good price range, and enough estimated lead volume.",Absentee owners; high equity; vacant; tired landlords; out-of-state owners; pre-foreclosure if available; probate if available; ownership length 7+ years; property value inside recommended range.
GA,Atlanta Zip Market,30307,$377k-$450k,95.0,95.0,Medium,"Within the configured 45-minute drive market for Atlanta; dense residential inventory; strong pending ratio, healthy active inventory, good price range, and enough estimated lead volume.",Absentee owners; high equity; vacant; tired landlords; out-of-state owners; pre-foreclosure if available; probate if available; ownership length 7+ years; property value inside recommended range.
GA,Ball Ground Zip Market,30107,$411k-$450k,155.0,155.0,Medium,"Within the configured 45-minute drive market for Atlanta; dense residential inventory; strong pending ratio, healthy active inventory, good price range, and enough estimated lead volume.",Absentee owners; high equity; vacant; tired landlords; out-of-state owners; pre-foreclosure if available; probate if available; ownership length 7+ years; property value inside recommended range.
GA,Atlanta Zip Market,30326,$267k-$450k,114.0,114.0,Medium,"Within the configured 45-minute drive market for Atlanta; dense residential inventory; strong pending ratio, healthy active inventory, good price range, and enough estimated lead volume.",Absentee owners; high equity; vacant; tired landlords; out-of-state owners; pre-foreclosure if available; probate if available; ownership length 7+ years; property value inside recommended range.
GA,Townsend Zip Market,31331,$276k-$450k,85.0,85.0,Medium,"Within the configured 45-minute drive market for Savannah; dense residential inventory; strong pending ratio, healthy active inventory, good price range, and enough estimated lead volume.",Absentee owners; high equity; vacant; tired landlords; out-of-state owners; pre-foreclosure if available; probate if available; ownership length 7+ years; property value inside recommended range.
GA,Silver Creek Zip Market,30173,$212k-$450k,29.0,29.0,Medium,"Within the configured 45-minute drive market for Atlanta; dense residential inventory; strong pending ratio, healthy active inventory, good price range, and enough estimated lead volume.",Absentee owners; high equity; vacant; tired landlords; out-of-state owners; pre-foreclosure if available; probate if available; ownership length 7+ years; property value inside recommended range.
GA,Atlanta Zip Market,30317,$365k-$450k,97.0,97.0,Medium,"Within the configured 45-minute drive market for Atlanta; dense residential inventory; strong pending ratio, healthy active inventory, good price range, and enough estimated lead volume.",Absentee owners; high equity; vacant; tired landlords; out-of-state owners; pre-foreclosure if available; probate if available; ownership length 7+ years; property value inside recommended range.
GA,Sparta Zip Market,31087,$239k-$450k,66.0,66.0,Medium,"Within the configured 45-minute drive market for Macon; dense residential inventory; strong pending ratio, healthy active inventory, good price range, and enough estimated lead volume.",Absentee owners; high equity; vacant; tired landlords; out-of-state owners; pre-foreclosure if available; probate if available; ownership length 7+ years; property value inside recommended range.
GA,Tallapoosa Zip Market,30176,$210k-$450k,25.0,25.0,Medium,"Within the configured 45-minute drive market for Atlanta; dense residential inventory; strong pending ratio, healthy active inventory, good price range, and enough estimated lead volume.",Absentee owners; high equity; vacant; tired landlords; out-of-state owners; pre-foreclosure if available; probate if available; ownership length 7+ years; property value inside recommended range.
GA,Atlanta Zip Market,30329,$308k-$450k,59.0,59.0,Medium,"Within the configured 45-minute drive market for Atlanta; dense residential inventory; strong pending ratio, healthy active inventory, good price range, and enough estimated lead volume.",Absentee owners; high equity; vacant; tired landlords; out-of-state owners; pre-foreclosure if available; probate if available; ownership length 7+ years; property value inside recommended range.
GA,Scottdale Zip Market,30079,$285k-$450k,30.0,30.0,Medium,"Within the configured 45-minute drive market for Atlanta; dense residential inventory; strong pending ratio, healthy active inventory, good price range, and enough estimated lead volume.",Absentee owners; high equity; vacant; tired landlords; out-of-state owners; pre-foreclosure if available; probate if available; ownership length 7+ years; property value inside recommended range.
GA,Macon Zip Market,31201,$100k-$188k,45.0,45.0,Medium,"Within the configured 45-minute drive market for Macon; dense residential inventory; strong pending ratio, healthy active inventory, good price range, and enough estimated lead volume.",Absentee owners; high equity; vacant; tired landlords; out-of-state owners; pre-foreclosure if available; probate if available; ownership length 7+ years; property value inside recommended range.
GA,Pembroke Zip Market,31321,$223k-$450k,28.0,28.0,Medium,"Within the configured 45-minute drive market for Savannah; dense residential inventory; strong pending ratio, healthy active inventory, good price range, and enough estimated lead volume.",Absentee owners; high equity; vacant; tired landlords; out-of-state owners; pre-foreclosure if available; probate if available; ownership length 7+ years; property value inside recommended range.
GA,Williamson Zip Market,30292,$315k-$450k,48.0,48.0,Medium,"Within the configured 45-minute drive market for Atlanta; dense residential inventory; strong pending ratio, healthy active inventory, good price range, and enough estimated lead volume.",Absentee owners; high equity; vacant; tired landlords; out-of-state owners; pre-foreclosure if available; probate if available; ownership length 7+ years; property value inside recommended range.
GA,Oxford Zip Market,30054,$285k-$450k,61.0,61.0,Medium,"Within the configured 45-minute drive market for Atlanta; dense residential inventory; strong pending ratio, healthy active inventory, good price range, and enough estimated lead volume.",Absentee owners; high equity; vacant; tired landlords; out-of-state owners; pre-foreclosure if available; probate if available; ownership length 7+ years; property value inside recommended range.
GA,Savannah Zip Market,31408,$173k-$375k,29.0,29.0,Medium,"Within the configured 45-minute drive market for Savannah; dense residential inventory; strong pending ratio, healthy active inventory, good price range, and enough estimated lead volume.",Absentee owners; high equity; vacant; tired landlords; out-of-state owners; pre-foreclosure if available; probate if available; ownership length 7+ years; property value inside recommended range.
GA,Eastman Zip Market,31023,$109k-$236k,37.0,37.0,Medium,"Within the configured 45-minute drive market for Macon; dense residential inventory; strong pending ratio, healthy active inventory, good price range, and enough estimated lead volume.",Absentee owners; high equity; vacant; tired landlords; out-of-state owners; pre-foreclosure if available; probate if available; ownership length 7+ years; property value inside recommended range.
GA,Talking Rock Zip Market,30175,$342k-$450k,71.0,71.0,Medium,"Within the configured 45-minute drive market for Atlanta; dense residential inventory; strong pending ratio, healthy active inventory, good price range, and enough estimated lead volume.",Absentee owners; high equity; vacant; tired landlords; out-of-state owners; pre-foreclosure if available; probate if available; ownership length 7+ years; property value inside recommended range.
GA,Columbus Zip Market,31901,$233k-$450k,33.0,33.0,Medium,"Within the configured 45-minute drive market for Columbus; dense residential inventory; strong pending ratio, healthy active inventory, good price range, and enough estimated lead volume.",Absentee owners; high equity; vacant; tired landlords; out-of-state owners; pre-foreclosure if available; probate if available; ownership length 7+ years; property value inside recommended range.
GA,Atlanta Zip Market,30313,$180k-$390k,33.0,33.0,Medium,"Within the configured 45-minute drive market for Atlanta; dense residential inventory; strong pending ratio, healthy active inventory, good price range, and enough estimated lead volume.",Absentee owners; high equity; vacant; tired landlords; out-of-state owners; pre-foreclosure if available; probate if available; ownership length 7+ years; property value inside recommended range.
GA,White Zip Market,30184,$316k-$450k,31.0,31.0,Medium,"Within the configured 45-minute drive market for Atlanta; dense residential inventory; strong pending ratio, healthy active inventory, good price range, and enough estimated lead volume.",Absentee owners; high equity; vacant; tired landlords; out-of-state owners; pre-foreclosure if available; probate if available; ownership length 7+ years; property value inside recommended range.
GA,Tyrone Zip Market,30290,$346k-$450k,51.0,51.0,Medium,"Within the configured 45-minute drive market for Atlanta; dense residential inventory; strong pending ratio, healthy active inventory, good price range, and enough estimated lead volume.",Absentee owners; high equity; vacant; tired landlords; out-of-state owners; pre-foreclosure if available; probate if available; ownership length 7+ years; property value inside recommended range.
GA,Rydal Zip Market,30171,$435k-$450k,30.0,30.0,Medium,"Within the configured 45-minute drive market for Atlanta; dense residential inventory; strong pending ratio, healthy active inventory, good price range, and enough estimated lead volume.",Absentee owners; high equity; vacant; tired landlords; out-of-state owners; pre-foreclosure if available; probate if available; ownership length 7+ years; property value inside recommended range.
GA,Lincolnton Zip Market,30817,$357k-$450k,35.0,35.0,Medium,"Within the configured 45-minute drive market for Augusta; dense residential inventory; strong pending ratio, healthy active inventory, good price range, and enough estimated lead volume.",Absentee owners; high equity; vacant; tired landlords; out-of-state owners; pre-foreclosure if available; probate if available; ownership length 7+ years; property value inside recommended range.
MI,Mason Zip Market,48854,$150k-$350k,28.0,28.0,High,"Within the configured 45-minute drive market for Lansing; dense residential inventory; strong pending ratio, healthy active inventory, good price range, and enough estimated lead volume.",Absentee owners; high equity; vacant; tired landlords; out-of-state owners; pre-foreclosure if available; probate if available; ownership length 7+ years; property value inside recommended range.
MI,Dowagiac Zip Market,49047,$162k-$350k,44.0,44.0,High,"Within the configured 45-minute drive market for Grand Rapids; dense residential inventory; strong pending ratio, healthy active inventory, good price range, and enough estimated lead volume.",Absentee owners; high equity; vacant; tired landlords; out-of-state owners; pre-foreclosure if available; probate if available; ownership length 7+ years; property value inside recommended range.
MI,Fort Gratiot Zip Market,48059,$160k-$350k,30.0,30.0,High,"Within the configured 45-minute drive market for Detroit; dense residential inventory; strong pending ratio, healthy active inventory, good price range, and enough estimated lead volume.",Absentee owners; high equity; vacant; tired landlords; out-of-state owners; pre-foreclosure if available; probate if available; ownership length 7+ years; property value inside recommended range.
MI,Grandville Zip Market,49418,$220k-$350k,37.0,37.0,High,"Within the configured 45-minute drive market for Grand Rapids; dense residential inventory; strong pending ratio, healthy active inventory, good price range, and enough estimated lead volume.",Absentee owners; high equity; vacant; tired landlords; out-of-state owners; pre-foreclosure if available; probate if available; ownership length 7+ years; property value inside recommended range.
MI,Ann Arbor Zip Market,48105,$294k-$350k,110.0,110.0,High,"Within the configured 45-minute drive market for Detroit; dense residential inventory; strong pending ratio, healthy active inventory, good price range, and enough estimated lead volume.",Absentee owners; high equity; vacant; tired landlords; out-of-state owners; pre-foreclosure if available; probate if available; ownership length 7+ years; property value inside recommended range.
MI,Milan Zip Market,48160,$174k-$350k,32.0,32.0,Medium,"Within the configured 45-minute drive market for Detroit; dense residential inventory; strong pending ratio, healthy active inventory, good price range, and enough estimated lead volume.",Absentee owners; high equity; vacant; tired landlords; out-of-state owners; pre-foreclosure if available; probate if available; ownership length 7+ years; property value inside recommended range.
MI,Paw Paw Zip Market,49079,$174k-$350k,30.0,30.0,Medium,"Within the configured 45-minute drive market for Grand Rapids; dense residential inventory; strong pending ratio, healthy active inventory, good price range, and enough estimated lead volume.",Absentee owners; high equity; vacant; tired landlords; out-of-state owners; pre-foreclosure if available; probate if available; ownership length 7+ years; property value inside recommended range.
MI,Algonac Zip Market,48001,$189k-$350k,68.0,68.0,Medium,"Within the configured 45-minute drive market for Detroit; dense residential inventory; strong pending ratio, healthy active inventory, good price range, and enough estimated lead volume.",Absentee owners; high equity; vacant; tired landlords; out-of-state owners; pre-foreclosure if available; probate if available; ownership length 7+ years; property value inside recommended range.
MI,Rochester Zip Market,48306,$481k-$350k,73.0,73.0,Medium,"Within the configured 45-minute drive market for Detroit; dense residential inventory; strong pending ratio, healthy active inventory, good price range, and enough estimated lead volume.",Absentee owners; high equity; vacant; tired landlords; out-of-state owners; pre-foreclosure if available; probate if available; ownership length 7+ years; property value inside recommended range.
MI,Baldwin Zip Market,49304,$110k-$293k,41.0,41.0,Medium,"Within the configured 45-minute drive market for Grand Rapids; dense residential inventory; strong pending ratio, healthy active inventory, good price range, and enough estimated lead volume.",Absentee owners; high equity; vacant; tired landlords; out-of-state owners; pre-foreclosure if available; probate if available; ownership length 7+ years; property value inside recommended range.
MI,Coldwater Zip Market,49036,$186k-$350k,66.0,66.0,Medium,"Within the configured 45-minute drive market for Grand Rapids; dense residential inventory; strong pending ratio, healthy active inventory, good price range, and enough estimated lead volume.",Absentee owners; high equity; vacant; tired landlords; out-of-state owners; pre-foreclosure if available; probate if available; ownership length 7+ years; property value inside recommended range.
MI,Sterling Heights Zip Market,48314,$207k-$350k,39.0,39.0,Medium,"Within the configured 45-minute drive market for Detroit; dense residential inventory; strong pending ratio, healthy active inventory, good price range, and enough estimated lead volume.",Absentee owners; high equity; vacant; tired landlords; out-of-state owners; pre-foreclosure if available; probate if available; ownership length 7+ years; property value inside recommended range.
MI,White Lake Zip Market,48386,$253k-$350k,53.0,53.0,Medium,"Within the configured 45-minute drive market for Detroit; dense residential inventory; strong pending ratio, healthy active inventory, good price range, and enough estimated lead volume.",Absentee owners; high equity; vacant; tired landlords; out-of-state owners; pre-foreclosure if available; probate if available; ownership length 7+ years; property value inside recommended range.
MI,Pontiac Zip Market,48342,$70k-$180k,31.0,31.0,Medium,"Within the configured 45-minute drive market for Detroit; dense residential inventory; strong pending ratio, healthy active inventory, good price range, and enough estimated lead volume.",Absentee owners; high equity; vacant; tired landlords; out-of-state owners; pre-foreclosure if available; probate if available; ownership length 7+ years; property value inside recommended range.
MI,West Bloomfield Zip Market,48323,$311k-$350k,70.0,70.0,Medium,"Within the configured 45-minute drive market for Detroit; dense residential inventory; strong pending ratio, healthy active inventory, good price range, and enough estimated lead volume.",Absentee owners; high equity; vacant; tired landlords; out-of-state owners; pre-foreclosure if available; probate if available; ownership length 7+ years; property value inside recommended range.
MI,Pinckney Zip Market,48169,$290k-$350k,52.0,52.0,Medium,"Within the configured 45-minute drive market for Detroit; dense residential inventory; strong pending ratio, healthy active inventory, good price range, and enough estimated lead volume.",Absentee owners; high equity; vacant; tired landlords; out-of-state owners; pre-foreclosure if available; probate if available; ownership length 7+ years; property value inside recommended range.
MI,Novi Zip Market,48375,$234k-$350k,43.0,43.0,Medium,"Within the configured 45-minute drive market for Detroit; dense residential inventory; strong pending ratio, healthy active inventory, good price range, and enough estimated lead volume.",Absentee owners; high equity; vacant; tired landlords; out-of-state owners; pre-foreclosure if available; probate if available; ownership length 7+ years; property value inside recommended range.
MI,Clarkston Zip Market,48348,$325k-$350k,53.0,53.0,Medium,"Within the configured 45-minute drive market for Detroit; dense residential inventory; strong pending ratio, healthy active inventory, good price range, and enough estimated lead volume.",Absentee owners; high equity; vacant; tired landlords; out-of-state owners; pre-foreclosure if available; probate if available; ownership length 7+ years; property value inside recommended range.
MI,Bloomfield Hills Zip Market,48304,$387k-$350k,65.0,65.0,Medium,"Within the configured 45-minute drive market for Detroit; dense residential inventory; strong pending ratio, healthy active inventory, good price range, and enough estimated lead volume.",Absentee owners; high equity; vacant; tired landlords; out-of-state owners; pre-foreclosure if available; probate if available; ownership length 7+ years; property value inside recommended range.
MI,Farmington Zip Market,48331,$267k-$350k,39.0,39.0,Medium,"Within the configured 45-minute drive market for Detroit; dense residential inventory; strong pending ratio, healthy active inventory, good price range, and enough estimated lead volume.",Absentee owners; high equity; vacant; tired landlords; out-of-state owners; pre-foreclosure if available; probate if available; ownership length 7+ years; property value inside recommended range.
MI,Oxford Zip Market,48371,$276k-$350k,38.0,38.0,Medium,"Within the configured 45-minute drive market for Detroit; dense residential inventory; strong pending ratio, healthy active inventory, good price range, and enough estimated lead volume.",Absentee owners; high equity; vacant; tired landlords; out-of-state owners; pre-foreclosure if available; probate if available; ownership length 7+ years; property value inside recommended range.
MI,Dewitt Zip Market,48820,$214k-$350k,25.0,25.0,Medium,"Within the configured 45-minute drive market for Lansing; dense residential inventory; strong pending ratio, healthy active inventory, good price range, and enough estimated lead volume.",Absentee owners; high equity; vacant; tired landlords; out-of-state owners; pre-foreclosure if available; probate if available; ownership length 7+ years; property value inside recommended range.
MI,Milford Zip Market,48381,$293k-$350k,54.0,54.0,Medium,"Within the configured 45-minute drive market for Detroit; dense residential inventory; strong pending ratio, healthy active inventory, good price range, and enough estimated lead volume.",Absentee owners; high equity; vacant; tired landlords; out-of-state owners; pre-foreclosure if available; probate if available; ownership length 7+ years; property value inside recommended range.
MI,Brighton Zip Market,48114,$302k-$350k,43.0,43.0,Medium,"Within the configured 45-minute drive market for Detroit; dense residential inventory; strong pending ratio, healthy active inventory, good price range, and enough estimated lead volume.",Absentee owners; high equity; vacant; tired landlords; out-of-state owners; pre-foreclosure if available; probate if available; ownership length 7+ years; property value inside recommended range.
MI,Commerce Township Zip Market,48382,$321k-$350k,66.0,66.0,Medium,"Within the configured 45-minute drive market for Detroit; dense residential inventory; strong pending ratio, healthy active inventory, good price range, and enough estimated lead volume.",Absentee owners; high equity; vacant; tired landlords; out-of-state owners; pre-foreclosure if available; probate if available; ownership length 7+ years; property value inside recommended range.
MI,Detroit Zip Market,48202,$139k-$350k,86.0,86.0,Medium,"Within the configured 45-minute drive market for Detroit; dense residential inventory; strong pending ratio, healthy active inventory, good price range, and enough estimated lead volume.",Absentee owners; high equity; vacant; tired landlords; out-of-state owners; pre-foreclosure if available; probate if available; ownership length 7+ years; property value inside recommended range.
MI,Zeeland Zip Market,49464,$257k-$350k,38.0,38.0,Medium,"Within the configured 45-minute drive market for Grand Rapids; dense residential inventory; strong pending ratio, healthy active inventory, good price range, and enough estimated lead volume.",Absentee owners; high equity; vacant; tired landlords; out-of-state owners; pre-foreclosure if available; probate if available; ownership length 7+ years; property value inside recommended range.
MI,Washington Zip Market,48094,$358k-$350k,57.0,57.0,Medium,"Within the configured 45-minute drive market for Detroit; dense residential inventory; strong pending ratio, healthy active inventory, good price range, and enough estimated lead volume.",Absentee owners; high equity; vacant; tired landlords; out-of-state owners; pre-foreclosure if available; probate if available; ownership length 7+ years; property value inside recommended range.
MI,West Bloomfield Zip Market,48324,$288k-$350k,46.0,46.0,Medium,"Within the configured 45-minute drive market for Detroit; dense residential inventory; strong pending ratio, healthy active inventory, good price range, and enough estimated lead volume.",Absentee owners; high equity; vacant; tired landlords; out-of-state owners; pre-foreclosure if available; probate if available; ownership length 7+ years; property value inside recommended range.
MI,Okemos Zip Market,48864,$300k-$350k,48.0,48.0,Medium,"Within the configured 45-minute drive market for Lansing; dense residential inventory; strong pending ratio, healthy active inventory, good price range, and enough estimated lead volume.",Absentee owners; high equity; vacant; tired landlords; out-of-state owners; pre-foreclosure if available; probate if available; ownership length 7+ years; property value inside recommended range.
MI,Grosse Ile Zip Market,48138,$211k-$350k,27.0,27.0,Medium,"Within the configured 45-minute drive market for Detroit; dense residential inventory; strong pending ratio, healthy active inventory, good price range, and enough estimated lead volume.",Absentee owners; high equity; vacant; tired landlords; out-of-state owners; pre-foreclosure if available; probate if available; ownership length 7+ years; property value inside recommended range.
MI,Franklin Zip Market,48025,$407k-$350k,44.0,44.0,Medium,"Within the configured 45-minute drive market for Detroit; dense residential inventory; strong pending ratio, healthy active inventory, good price range, and enough estimated lead volume.",Absentee owners; high equity; vacant; tired landlords; out-of-state owners; pre-foreclosure if available; probate if available; ownership length 7+ years; property value inside recommended range.
MI,Allendale Zip Market,49401,$247k-$350k,42.0,42.0,Medium,"Within the configured 45-minute drive market for Grand Rapids; dense residential inventory; strong pending ratio, healthy active inventory, good price range, and enough estimated lead volume.",Absentee owners; high equity; vacant; tired landlords; out-of-state owners; pre-foreclosure if available; probate if available; ownership length 7+ years; property value inside recommended range.
MI,Lake Orion Zip Market,48360,$225k-$350k,27.0,27.0,Medium,"Within the configured 45-minute drive market for Detroit; dense residential inventory; strong pending ratio, healthy active inventory, good price range, and enough estimated lead volume.",Absentee owners; high equity; vacant; tired landlords; out-of-state owners; pre-foreclosure if available; probate if available; ownership length 7+ years; property value inside recommended range.
MI,Detroit Zip Market,48226,$188k-$350k,30.0,30.0,Medium,"Within the configured 45-minute drive market for Detroit; dense residential inventory; strong pending ratio, healthy active inventory, good price range, and enough estimated lead volume.",Absentee owners; high equity; vacant; tired landlords; out-of-state owners; pre-foreclosure if available; probate if available; ownership length 7+ years; property value inside recommended range.
MI,Lexington Zip Market,48450,$146k-$350k,68.0,68.0,Medium,"Within the configured 45-minute drive market for Flint; dense residential inventory; strong pending ratio, healthy active inventory, good price range, and enough estimated lead volume.",Absentee owners; high equity; vacant; tired landlords; out-of-state owners; pre-foreclosure if available; probate if available; ownership length 7+ years; property value inside recommended range.
MI,Ortonville Zip Market,48462,$249k-$350k,27.0,27.0,Medium,"Within the configured 45-minute drive market for Flint; dense residential inventory; strong pending ratio, healthy active inventory, good price range, and enough estimated lead volume.",Absentee owners; high equity; vacant; tired landlords; out-of-state owners; pre-foreclosure if available; probate if available; ownership length 7+ years; property value inside recommended range.
MI,Bloomfield Hills Zip Market,48301,$491k-$350k,42.0,42.0,Medium,"Within the configured 45-minute drive market for Detroit; dense residential inventory; strong pending ratio, healthy active inventory, good price range, and enough estimated lead volume.",Absentee owners; high equity; vacant; tired landlords; out-of-state owners; pre-foreclosure if available; probate if available; ownership length 7+ years; property value inside recommended range.
MI,Richland Zip Market,49083,$237k-$350k,31.0,31.0,Medium,"Within the configured 45-minute drive market for Grand Rapids; dense residential inventory; strong pending ratio, healthy active inventory, good price range, and enough estimated lead volume.",Absentee owners; high equity; vacant; tired landlords; out-of-state owners; pre-foreclosure if available; probate if available; ownership length 7+ years; property value inside recommended range.
MI,Sparta Zip Market,49345,$239k-$350k,27.0,27.0,Medium,"Within the configured 45-minute drive market for Grand Rapids; dense residential inventory; strong pending ratio, healthy active inventory, good price range, and enough estimated lead volume.",Absentee owners; high equity; vacant; tired landlords; out-of-state owners; pre-foreclosure if available; probate if available; ownership length 7+ years; property value inside recommended range.
MI,Cassopolis Zip Market,49031,$209k-$350k,28.0,28.0,Medium,"Within the configured 45-minute drive market for Grand Rapids; dense residential inventory; strong pending ratio, healthy active inventory, good price range, and enough estimated lead volume.",Absentee owners; high equity; vacant; tired landlords; out-of-state owners; pre-foreclosure if available; probate if available; ownership length 7+ years; property value inside recommended range.
MI,Highland Zip Market,48356,$244k-$350k,28.0,28.0,Medium,"Within the configured 45-minute drive market for Detroit; dense residential inventory; strong pending ratio, healthy active inventory, good price range, and enough estimated lead volume.",Absentee owners; high equity; vacant; tired landlords; out-of-state owners; pre-foreclosure if available; probate if available; ownership length 7+ years; property value inside recommended range.
MI,Romeo Zip Market,48065,$306k-$350k,35.0,35.0,Medium,"Within the configured 45-minute drive market for Detroit; dense residential inventory; strong pending ratio, healthy active inventory, good price range, and enough estimated lead volume.",Absentee owners; high equity; vacant; tired landlords; out-of-state owners; pre-foreclosure if available; probate if available; ownership length 7+ years; property value inside recommended range.
MI,Stanwood Zip Market,49346,$217k-$350k,50.0,50.0,Medium,"Within the configured 45-minute drive market for Grand Rapids; dense residential inventory; strong pending ratio, healthy active inventory, good price range, and enough estimated lead volume.",Absentee owners; high equity; vacant; tired landlords; out-of-state owners; pre-foreclosure if available; probate if available; ownership length 7+ years; property value inside recommended range.
MI,Newport Zip Market,48166,$247k-$350k,30.0,30.0,Medium,"Within the configured 45-minute drive market for Detroit; dense residential inventory; strong pending ratio, healthy active inventory, good price range, and enough estimated lead volume.",Absentee owners; high equity; vacant; tired landlords; out-of-state owners; pre-foreclosure if available; probate if available; ownership length 7+ years; property value inside recommended range.
MI,Detroit Zip Market,48216,$137k-$350k,27.0,27.0,Medium,"Within the configured 45-minute drive market for Detroit; dense residential inventory; strong pending ratio, healthy active inventory, good price range, and enough estimated lead volume.",Absentee owners; high equity; vacant; tired landlords; out-of-state owners; pre-foreclosure if available; probate if available; ownership length 7+ years; property value inside recommended range.
MI,Detroit Zip Market,48201,$204k-$350k,48.0,48.0,Medium,"Within the configured 45-minute drive market for Detroit; dense residential inventory; strong pending ratio, healthy active inventory, good price range, and enough estimated lead volume.",Absentee owners; high equity; vacant; tired landlords; out-of-state owners; pre-foreclosure if available; probate if available; ownership length 7+ years; property value inside recommended range.
MI,Mears Zip Market,49436,$252k-$350k,29.0,29.0,Medium,"Within the configured 45-minute drive market for Grand Rapids; dense residential inventory; strong pending ratio, healthy active inventory, good price range, and enough estimated lead volume.",Absentee owners; high equity; vacant; tired landlords; out-of-state owners; pre-foreclosure if available; probate if available; ownership length 7+ years; property value inside recommended range.
